{
  "CodeKitInfo" : "This is a CodeKit project configuration file. It is designed to sync project settings across multiple machines. Modifying the contents of this file can be a poor life decision if you don't know what you're doing. This file is not useful unless accompanied by the project that created it in CodeKit. For more information, see: http:\/\/incident57.com\/codekit",
  "creatorBuild" : "8300",
  "files" : {
    "\/img\/bg\/bg33.jpg" : {
      "ignoreWasSetByUser" : 0,
      "ignore" : 0,
      "hidden" : 0,
      "outputPathIsSetByUser" : 0,
      "inputAbbreviatedPath" : "\/img\/bg\/bg33.jpg",
      "processed" : 0,
      "outputAbbreviatedPath" : "\/img\/bg\/bg33.jpg",
      "initialSize" : 2156,
      "fileType" : 4096
    },
    "\/img\/bg\/bg19.jpg" : {
      "ignoreWasSetByUser" : 0,
      "ignore" : 0,
      "hidden" : 0,
      "outputPathIsSetByUser" : 0,
      "inputAbbreviatedPath" : "\/img\/bg\/bg19.jpg",
      "processed" : 0,
      "outputAbbreviatedPath" : "\/img\/bg\/bg19.jpg",
      "initialSize" : 4033,
      "fileType" : 4096
    },
    "\/img\/shadow-top.png" : {
      "ignoreWasSetByUser" : 0,
      "ignore" : 0,
      "hidden" : 0,
      "outputPathIsSetByUser" : 0,
      "inputAbbreviatedPath" : "\/img\/shadow-top.png",
      "processed" : 0,
      "outputAbbreviatedPath" : "\/img\/shadow-top.png",
      "initialSize" : 3662,
      "fileType" : 8192
    },
    "\/img\/bg-dark\/bg-dark15.jpg" : {
      "ignoreWasSetByUser" : 0,
      "ignore" : 0,
      "hidden" : 0,
      "outputPathIsSetByUser" : 0,
      "inputAbbreviatedPath" : "\/img\/bg-dark\/bg-dark15.jpg",
      "processed" : 0,
      "outputAbbreviatedPath" : "\/img\/bg-dark\/bg-dark15.jpg",
      "initialSize" : 4292,
      "fileType" : 4096
    },
    "\/img\/bg\/bg1.jpg" : {
      "ignoreWasSetByUser" : 0,
      "ignore" : 0,
      "hidden" : 0,
      "outputPathIsSetByUser" : 0,
      "inputAbbreviatedPath" : "\/img\/bg\/bg1.jpg",
      "processed" : 0,
      "outputAbbreviatedPath" : "\/img\/bg\/bg1.jpg",
      "initialSize" : 12077,
      "fileType" : 4096
    },
    "\/img\/bg\/bg26.jpg" : {
      "ignoreWasSetByUser" : 0,
      "ignore" : 0,
      "hidden" : 0,
      "outputPathIsSetByUser" : 0,
      "inputAbbreviatedPath" : "\/img\/bg\/bg26.jpg",
      "processed" : 0,
      "outputAbbreviatedPath" : "\/img\/bg\/bg26.jpg",
      "initialSize" : 4120,
      "fileType" : 4096
    },
    "\/img\/bg-dark\/bg-dark16.jpg" : {
      "ignoreWasSetByUser" : 0,
      "ignore" : 0,
      "hidden" : 0,
      "outputPathIsSetByUser" : 0,
      "inputAbbreviatedPath" : "\/img\/bg-dark\/bg-dark16.jpg",
      "processed" : 0,
      "outputAbbreviatedPath" : "\/img\/bg-dark\/bg-dark16.jpg",
      "initialSize" : 5498,
      "fileType" : 4096
    },
    "\/img\/bg\/bg12.jpg" : {
      "ignoreWasSetByUser" : 0,
      "ignore" : 0,
      "hidden" : 0,
      "outputPathIsSetByUser" : 0,
      "inputAbbreviatedPath" : "\/img\/bg\/bg12.jpg",
      "processed" : 0,
      "outputAbbreviatedPath" : "\/img\/bg\/bg12.jpg",
      "initialSize" : 3178,
      "fileType" : 4096
    },
    "\/img\/bg-dark\/bg-dark7.jpg" : {
      "ignoreWasSetByUser" : 0,
      "ignore" : 0,
      "hidden" : 0,
      "outputPathIsSetByUser" : 0,
      "inputAbbreviatedPath" : "\/img\/bg-dark\/bg-dark7.jpg",
      "processed" : 0,
      "outputAbbreviatedPath" : "\/img\/bg-dark\/bg-dark7.jpg",
      "initialSize" : 4691,
      "fileType" : 4096
    },
    "\/jade\/index.jade" : {
      "ignoreWasSetByUser" : 0,
      "ignore" : 0,
      "hidden" : 0,
      "outputPathIsSetByUser" : 0,
      "inputAbbreviatedPath" : "\/jade\/index.jade",
      "outputStyle" : 0,
      "compileDebug" : 1,
      "outputAbbreviatedPath" : "\/index.html",
      "fileType" : 512
    },
    "\/img\/bg-dark\/bg-dark17.jpg" : {
      "ignoreWasSetByUser" : 0,
      "ignore" : 0,
      "hidden" : 0,
      "outputPathIsSetByUser" : 0,
      "inputAbbreviatedPath" : "\/img\/bg-dark\/bg-dark17.jpg",
      "processed" : 0,
      "outputAbbreviatedPath" : "\/img\/bg-dark\/bg-dark17.jpg",
      "initialSize" : 2728,
      "fileType" : 4096
    },
    "\/img\/bg\/bg28.jpg" : {
      "ignoreWasSetByUser" : 0,
      "ignore" : 0,
      "hidden" : 0,
      "outputPathIsSetByUser" : 0,
      "inputAbbreviatedPath" : "\/img\/bg\/bg28.jpg",
      "processed" : 0,
      "outputAbbreviatedPath" : "\/img\/bg\/bg28.jpg",
      "initialSize" : 3456,
      "fileType" : 4096
    },
    "\/img\/bg-dark\/bg-dark18.jpg" : {
      "ignoreWasSetByUser" : 0,
      "ignore" : 0,
      "hidden" : 0,
      "outputPathIsSetByUser" : 0,
      "inputAbbreviatedPath" : "\/img\/bg-dark\/bg-dark18.jpg",
      "processed" : 0,
      "outputAbbreviatedPath" : "\/img\/bg-dark\/bg-dark18.jpg",
      "initialSize" : 3191,
      "fileType" : 4096
    },
    "\/index.html" : {
      "ignoreWasSetByUser" : 0,
      "ignore" : 1,
      "hidden" : 0,
      "outputPathIsSetByUser" : 0,
      "inputAbbreviatedPath" : "\/index.html",
      "outputAbbreviatedPath" : "\/No Output Path",
      "fileType" : 2048
    },
    "\/img\/bg-pattern\/bg-pattern7.png" : {
      "ignoreWasSetByUser" : 0,
      "ignore" : 0,
      "hidden" : 0,
      "outputPathIsSetByUser" : 0,
      "inputAbbreviatedPath" : "\/img\/bg-pattern\/bg-pattern7.png",
      "processed" : 0,
      "outputAbbreviatedPath" : "\/img\/bg-pattern\/bg-pattern7.png",
      "initialSize" : 161,
      "fileType" : 8192
    },
    "\/img\/bg\/bg21.jpg" : {
      "ignoreWasSetByUser" : 0,
      "ignore" : 0,
      "hidden" : 0,
      "outputPathIsSetByUser" : 0,
      "inputAbbreviatedPath" : "\/img\/bg\/bg21.jpg",
      "processed" : 0,
      "outputAbbreviatedPath" : "\/img\/bg\/bg21.jpg",
      "initialSize" : 4124,
      "fileType" : 4096
    },
    "\/img\/bg-dark\/bg-dark19.jpg" : {
      "ignoreWasSetByUser" : 0,
      "ignore" : 0,
      "hidden" : 0,
      "outputPathIsSetByUser" : 0,
      "inputAbbreviatedPath" : "\/img\/bg-dark\/bg-dark19.jpg",
      "processed" : 0,
      "outputAbbreviatedPath" : "\/img\/bg-dark\/bg-dark19.jpg",
      "initialSize" : 4610,
      "fileType" : 4096
    },
    "\/img\/bg\/bg14.jpg" : {
      "ignoreWasSetByUser" : 0,
      "ignore" : 0,
      "hidden" : 0,
      "outputPathIsSetByUser" : 0,
      "inputAbbreviatedPath" : "\/img\/bg\/bg14.jpg",
      "processed" : 0,
      "outputAbbreviatedPath" : "\/img\/bg\/bg14.jpg",
      "initialSize" : 2058,
      "fileType" : 4096
    },
    "\/img\/bg-pattern\/bg-pattern3.png" : {
      "ignoreWasSetByUser" : 0,
      "ignore" : 0,
      "hidden" : 0,
      "outputPathIsSetByUser" : 0,
      "inputAbbreviatedPath" : "\/img\/bg-pattern\/bg-pattern3.png",
      "processed" : 0,
      "outputAbbreviatedPath" : "\/img\/bg-pattern\/bg-pattern3.png",
      "initialSize" : 179,
      "fileType" : 8192
    },
    "\/img\/bg-dark\/bg-dark6.jpg" : {
      "ignoreWasSetByUser" : 0,
      "ignore" : 0,
      "hidden" : 0,
      "outputPathIsSetByUser" : 0,
      "inputAbbreviatedPath" : "\/img\/bg-dark\/bg-dark6.jpg",
      "processed" : 0,
      "outputAbbreviatedPath" : "\/img\/bg-dark\/bg-dark6.jpg",
      "initialSize" : 3396,
      "fileType" : 4096
    },
    "\/img\/bg\/bg.jpg" : {
      "ignoreWasSetByUser" : 0,
      "ignore" : 0,
      "hidden" : 0,
      "outputPathIsSetByUser" : 0,
      "inputAbbreviatedPath" : "\/img\/bg\/bg.jpg",
      "processed" : 0,
      "outputAbbreviatedPath" : "\/img\/bg\/bg.jpg",
      "initialSize" : 8259,
      "fileType" : 4096
    },
    "\/img\/bg-dark\/bg-dark2.png" : {
      "ignoreWasSetByUser" : 0,
      "ignore" : 0,
      "hidden" : 0,
      "outputPathIsSetByUser" : 0,
      "inputAbbreviatedPath" : "\/img\/bg-dark\/bg-dark2.png",
      "processed" : 0,
      "outputAbbreviatedPath" : "\/img\/bg-dark\/bg-dark2.png",
      "initialSize" : 22862,
      "fileType" : 8192
    },
    "\/img\/bg\/bg16.jpg" : {
      "ignoreWasSetByUser" : 0,
      "ignore" : 0,
      "hidden" : 0,
      "outputPathIsSetByUser" : 0,
      "inputAbbreviatedPath" : "\/img\/bg\/bg16.jpg",
      "processed" : 0,
      "outputAbbreviatedPath" : "\/img\/bg\/bg16.jpg",
      "initialSize" : 4972,
      "fileType" : 4096
    },
    "\/img\/bg\/bg30.jpg" : {
      "ignoreWasSetByUser" : 0,
      "ignore" : 0,
      "hidden" : 0,
      "outputPathIsSetByUser" : 0,
      "inputAbbreviatedPath" : "\/img\/bg\/bg30.jpg",
      "processed" : 0,
      "outputAbbreviatedPath" : "\/img\/bg\/bg30.jpg",
      "initialSize" : 5779,
      "fileType" : 4096
    },
    "\/img\/bg\/bg9.jpg" : {
      "ignoreWasSetByUser" : 0,
      "ignore" : 0,
      "hidden" : 0,
      "outputPathIsSetByUser" : 0,
      "inputAbbreviatedPath" : "\/img\/bg\/bg9.jpg",
      "processed" : 0,
      "outputAbbreviatedPath" : "\/img\/bg\/bg9.jpg",
      "initialSize" : 5358,
      "fileType" : 4096
    },
    "\/img\/bg-dark\/bg-dark20.png" : {
      "ignoreWasSetByUser" : 0,
      "ignore" : 0,
      "hidden" : 0,
      "outputPathIsSetByUser" : 0,
      "inputAbbreviatedPath" : "\/img\/bg-dark\/bg-dark20.png",
      "processed" : 0,
      "outputAbbreviatedPath" : "\/img\/bg-dark\/bg-dark20.png",
      "initialSize" : 182,
      "fileType" : 8192
    },
    "\/img\/bg\/bg23.jpg" : {
      "ignoreWasSetByUser" : 0,
      "ignore" : 0,
      "hidden" : 0,
      "outputPathIsSetByUser" : 0,
      "inputAbbreviatedPath" : "\/img\/bg\/bg23.jpg",
      "processed" : 0,
      "outputAbbreviatedPath" : "\/img\/bg\/bg23.jpg",
      "initialSize" : 2789,
      "fileType" : 4096
    },
    "\/css\/bootstrap-responsive.min.css" : {
      "ignoreWasSetByUser" : 0,
      "ignore" : 0,
      "hidden" : 0,
      "outputPathIsSetByUser" : 0,
      "inputAbbreviatedPath" : "\/css\/bootstrap-responsive.min.css",
      "outputAbbreviatedPath" : "No Output Path",
      "fileType" : 16
    },
    "\/img\/bg-dark\/bg-dark5.jpg" : {
      "ignoreWasSetByUser" : 0,
      "ignore" : 0,
      "hidden" : 0,
      "outputPathIsSetByUser" : 0,
      "inputAbbreviatedPath" : "\/img\/bg-dark\/bg-dark5.jpg",
      "processed" : 0,
      "outputAbbreviatedPath" : "\/img\/bg-dark\/bg-dark5.jpg",
      "initialSize" : 6696,
      "fileType" : 4096
    },
    "\/img\/bg-pattern\/bg-pattern6.png" : {
      "ignoreWasSetByUser" : 0,
      "ignore" : 0,
      "hidden" : 0,
      "outputPathIsSetByUser" : 0,
      "inputAbbreviatedPath" : "\/img\/bg-pattern\/bg-pattern6.png",
      "processed" : 0,
      "outputAbbreviatedPath" : "\/img\/bg-pattern\/bg-pattern6.png",
      "initialSize" : 163,
      "fileType" : 8192
    },
    "\/img\/bg-pattern\/bg-pattern11.png" : {
      "ignoreWasSetByUser" : 0,
      "ignore" : 0,
      "hidden" : 0,
      "outputPathIsSetByUser" : 0,
      "inputAbbreviatedPath" : "\/img\/bg-pattern\/bg-pattern11.png",
      "processed" : 0,
      "outputAbbreviatedPath" : "\/img\/bg-pattern\/bg-pattern11.png",
      "initialSize" : 166,
      "fileType" : 8192
    },
    "\/img\/bg\/bg18.jpg" : {
      "ignoreWasSetByUser" : 0,
      "ignore" : 0,
      "hidden" : 0,
      "outputPathIsSetByUser" : 0,
      "inputAbbreviatedPath" : "\/img\/bg\/bg18.jpg",
      "processed" : 0,
      "outputAbbreviatedPath" : "\/img\/bg\/bg18.jpg",
      "initialSize" : 2695,
      "fileType" : 4096
    },
    "\/img\/bg\/bg32.jpg" : {
      "ignoreWasSetByUser" : 0,
      "ignore" : 0,
      "hidden" : 0,
      "outputPathIsSetByUser" : 0,
      "inputAbbreviatedPath" : "\/img\/bg\/bg32.jpg",
      "processed" : 0,
      "outputAbbreviatedPath" : "\/img\/bg\/bg32.jpg",
      "initialSize" : 5871,
      "fileType" : 4096
    },
    "\/img\/bg\/bg8.jpg" : {
      "ignoreWasSetByUser" : 0,
      "ignore" : 0,
      "hidden" : 0,
      "outputPathIsSetByUser" : 0,
      "inputAbbreviatedPath" : "\/img\/bg\/bg8.jpg",
      "processed" : 0,
      "outputAbbreviatedPath" : "\/img\/bg\/bg8.jpg",
      "initialSize" : 1933,
      "fileType" : 4096
    },
    "\/img\/bg-pattern\/bg-pattern10.png" : {
      "ignoreWasSetByUser" : 0,
      "ignore" : 0,
      "hidden" : 0,
      "outputPathIsSetByUser" : 0,
      "inputAbbreviatedPath" : "\/img\/bg-pattern\/bg-pattern10.png",
      "processed" : 0,
      "outputAbbreviatedPath" : "\/img\/bg-pattern\/bg-pattern10.png",
      "initialSize" : 193,
      "fileType" : 8192
    },
    "\/img\/bg-dark\/bg-dark22.png" : {
      "ignoreWasSetByUser" : 0,
      "ignore" : 0,
      "hidden" : 0,
      "outputPathIsSetByUser" : 0,
      "inputAbbreviatedPath" : "\/img\/bg-dark\/bg-dark22.png",
      "processed" : 0,
      "outputAbbreviatedPath" : "\/img\/bg-dark\/bg-dark22.png",
      "initialSize" : 22505,
      "fileType" : 8192
    },
    "\/img\/bg\/bg25.jpg" : {
      "ignoreWasSetByUser" : 0,
      "ignore" : 0,
      "hidden" : 0,
      "outputPathIsSetByUser" : 0,
      "inputAbbreviatedPath" : "\/img\/bg\/bg25.jpg",
      "processed" : 0,
      "outputAbbreviatedPath" : "\/img\/bg\/bg25.jpg",
      "initialSize" : 1683,
      "fileType" : 4096
    },
    "\/img\/bg-dark\/bg-dark1.png" : {
      "ignoreWasSetByUser" : 0,
      "ignore" : 0,
      "hidden" : 0,
      "outputPathIsSetByUser" : 0,
      "inputAbbreviatedPath" : "\/img\/bg-dark\/bg-dark1.png",
      "processed" : 0,
      "outputAbbreviatedPath" : "\/img\/bg-dark\/bg-dark1.png",
      "initialSize" : 14886,
      "fileType" : 8192
    },
    "\/img\/bg-pattern\/bg-pattern2.png" : {
      "ignoreWasSetByUser" : 0,
      "ignore" : 0,
      "hidden" : 0,
      "outputPathIsSetByUser" : 0,
      "inputAbbreviatedPath" : "\/img\/bg-pattern\/bg-pattern2.png",
      "processed" : 0,
      "outputAbbreviatedPath" : "\/img\/bg-pattern\/bg-pattern2.png",
      "initialSize" : 257,
      "fileType" : 8192
    },
    "\/img\/bg\/bg7.jpg" : {
      "ignoreWasSetByUser" : 0,
      "ignore" : 0,
      "hidden" : 0,
      "outputPathIsSetByUser" : 0,
      "inputAbbreviatedPath" : "\/img\/bg\/bg7.jpg",
      "processed" : 0,
      "outputAbbreviatedPath" : "\/img\/bg\/bg7.jpg",
      "initialSize" : 4425,
      "fileType" : 4096
    },
    "\/img\/bg\/bg11.jpg" : {
      "ignoreWasSetByUser" : 0,
      "ignore" : 0,
      "hidden" : 0,
      "outputPathIsSetByUser" : 0,
      "inputAbbreviatedPath" : "\/img\/bg\/bg11.jpg",
      "processed" : 0,
      "outputAbbreviatedPath" : "\/img\/bg\/bg11.jpg",
      "initialSize" : 3601,
      "fileType" : 4096
    },
    "\/img\/bg\/bg27.jpg" : {
      "ignoreWasSetByUser" : 0,
      "ignore" : 0,
      "hidden" : 0,
      "outputPathIsSetByUser" : 0,
      "inputAbbreviatedPath" : "\/img\/bg\/bg27.jpg",
      "processed" : 0,
      "outputAbbreviatedPath" : "\/img\/bg\/bg27.jpg",
      "initialSize" : 2554,
      "fileType" : 4096
    },
    "\/img\/bg-dark\/bg-dark4.jpg" : {
      "ignoreWasSetByUser" : 0,
      "ignore" : 0,
      "hidden" : 0,
      "outputPathIsSetByUser" : 0,
      "inputAbbreviatedPath" : "\/img\/bg-dark\/bg-dark4.jpg",
      "processed" : 0,
      "outputAbbreviatedPath" : "\/img\/bg-dark\/bg-dark4.jpg",
      "initialSize" : 5023,
      "fileType" : 4096
    },
    "\/assets\/construction.png" : {
      "ignoreWasSetByUser" : 0,
      "ignore" : 0,
      "hidden" : 0,
      "outputPathIsSetByUser" : 0,
      "inputAbbreviatedPath" : "\/assets\/construction.png",
      "processed" : 0,
      "outputAbbreviatedPath" : "\/assets\/construction.png",
      "initialSize" : 220804,
      "fileType" : 8192
    },
    "\/img\/bg\/bg6.jpg" : {
      "ignoreWasSetByUser" : 0,
      "ignore" : 0,
      "hidden" : 0,
      "outputPathIsSetByUser" : 0,
      "inputAbbreviatedPath" : "\/img\/bg\/bg6.jpg",
      "processed" : 0,
      "outputAbbreviatedPath" : "\/img\/bg\/bg6.jpg",
      "initialSize" : 4858,
      "fileType" : 4096
    },
    "\/img\/bg-nav_gradient.png" : {
      "ignoreWasSetByUser" : 0,
      "ignore" : 0,
      "hidden" : 0,
      "outputPathIsSetByUser" : 0,
      "inputAbbreviatedPath" : "\/img\/bg-nav_gradient.png",
      "processed" : 0,
      "outputAbbreviatedPath" : "\/img\/bg-nav_gradient.png",
      "initialSize" : 2839,
      "fileType" : 8192
    },
    "\/assets\/onepage.png" : {
      "ignoreWasSetByUser" : 0,
      "ignore" : 0,
      "hidden" : 0,
      "outputPathIsSetByUser" : 0,
      "inputAbbreviatedPath" : "\/assets\/onepage.png",
      "processed" : 0,
      "outputAbbreviatedPath" : "\/assets\/onepage.png",
      "initialSize" : 293266,
      "fileType" : 8192
    },
    "\/img\/bg-pattern\/bg-pattern9.png" : {
      "ignoreWasSetByUser" : 0,
      "ignore" : 0,
      "hidden" : 0,
      "outputPathIsSetByUser" : 0,
      "inputAbbreviatedPath" : "\/img\/bg-pattern\/bg-pattern9.png",
      "processed" : 0,
      "outputAbbreviatedPath" : "\/img\/bg-pattern\/bg-pattern9.png",
      "initialSize" : 189,
      "fileType" : 8192
    },
    "\/img\/bg\/bg13.jpg" : {
      "ignoreWasSetByUser" : 0,
      "ignore" : 0,
      "hidden" : 0,
      "outputPathIsSetByUser" : 0,
      "inputAbbreviatedPath" : "\/img\/bg\/bg13.jpg",
      "processed" : 0,
      "outputAbbreviatedPath" : "\/img\/bg\/bg13.jpg",
      "initialSize" : 4133,
      "fileType" : 4096
    },
    "\/img\/bg\/bg20.jpg" : {
      "ignoreWasSetByUser" : 0,
      "ignore" : 0,
      "hidden" : 0,
      "outputPathIsSetByUser" : 0,
      "inputAbbreviatedPath" : "\/img\/bg\/bg20.jpg",
      "processed" : 0,
      "outputAbbreviatedPath" : "\/img\/bg\/bg20.jpg",
      "initialSize" : 6598,
      "fileType" : 4096
    },
    "\/img\/bg\/bg29.jpg" : {
      "ignoreWasSetByUser" : 0,
      "ignore" : 0,
      "hidden" : 0,
      "outputPathIsSetByUser" : 0,
      "inputAbbreviatedPath" : "\/img\/bg\/bg29.jpg",
      "processed" : 0,
      "outputAbbreviatedPath" : "\/img\/bg\/bg29.jpg",
      "initialSize" : 2859,
      "fileType" : 4096
    },
    "\/img\/bg\/bg5.jpg" : {
      "ignoreWasSetByUser" : 0,
      "ignore" : 0,
      "hidden" : 0,
      "outputPathIsSetByUser" : 0,
      "inputAbbreviatedPath" : "\/img\/bg\/bg5.jpg",
      "processed" : 0,
      "outputAbbreviatedPath" : "\/img\/bg\/bg5.jpg",
      "initialSize" : 3936,
      "fileType" : 4096
    },
    "\/img\/bg-pattern\/bg-pattern5.png" : {
      "ignoreWasSetByUser" : 0,
      "ignore" : 0,
      "hidden" : 0,
      "outputPathIsSetByUser" : 0,
      "inputAbbreviatedPath" : "\/img\/bg-pattern\/bg-pattern5.png",
      "processed" : 0,
      "outputAbbreviatedPath" : "\/img\/bg-pattern\/bg-pattern5.png",
      "initialSize" : 160,
      "fileType" : 8192
    },
    "\/img\/bg-footer.png" : {
      "ignoreWasSetByUser" : 0,
      "ignore" : 0,
      "hidden" : 0,
      "outputPathIsSetByUser" : 0,
      "inputAbbreviatedPath" : "\/img\/bg-footer.png",
      "processed" : 0,
      "outputAbbreviatedPath" : "\/img\/bg-footer.png",
      "initialSize" : 1454,
      "fileType" : 8192
    },
    "\/img\/bg-dark\/bg-dark3.jpg" : {
      "ignoreWasSetByUser" : 0,
      "ignore" : 0,
      "hidden" : 0,
      "outputPathIsSetByUser" : 0,
      "inputAbbreviatedPath" : "\/img\/bg-dark\/bg-dark3.jpg",
      "processed" : 0,
      "outputAbbreviatedPath" : "\/img\/bg-dark\/bg-dark3.jpg",
      "initialSize" : 3432,
      "fileType" : 4096
    },
    "\/css\/bootstrap.min.css" : {
      "ignoreWasSetByUser" : 0,
      "ignore" : 0,
      "hidden" : 0,
      "outputPathIsSetByUser" : 0,
      "inputAbbreviatedPath" : "\/css\/bootstrap.min.css",
      "outputAbbreviatedPath" : "No Output Path",
      "fileType" : 16
    },
    "\/img\/bg\/bg15.jpg" : {
      "ignoreWasSetByUser" : 0,
      "ignore" : 0,
      "hidden" : 0,
      "outputPathIsSetByUser" : 0,
      "inputAbbreviatedPath" : "\/img\/bg\/bg15.jpg",
      "processed" : 0,
      "outputAbbreviatedPath" : "\/img\/bg\/bg15.jpg",
      "initialSize" : 4639,
      "fileType" : 4096
    },
    "\/jade\/partials\/head.jade" : {
      "ignoreWasSetByUser" : 0,
      "ignore" : 0,
      "hidden" : 0,
      "outputPathIsSetByUser" : 0,
      "inputAbbreviatedPath" : "\/jade\/partials\/head.jade",
      "outputStyle" : 0,
      "compileDebug" : 1,
      "outputAbbreviatedPath" : "\/jade\/head.html",
      "fileType" : 512
    },
    "\/img\/bg-pattern\/bg-pattern1.png" : {
      "ignoreWasSetByUser" : 0,
      "ignore" : 0,
      "hidden" : 0,
      "outputPathIsSetByUser" : 0,
      "inputAbbreviatedPath" : "\/img\/bg-pattern\/bg-pattern1.png",
      "processed" : 0,
      "outputAbbreviatedPath" : "\/img\/bg-pattern\/bg-pattern1.png",
      "initialSize" : 932,
      "fileType" : 8192
    },
    "\/img\/bg\/bg22.jpg" : {
      "ignoreWasSetByUser" : 0,
      "ignore" : 0,
      "hidden" : 0,
      "outputPathIsSetByUser" : 0,
      "inputAbbreviatedPath" : "\/img\/bg\/bg22.jpg",
      "processed" : 0,
      "outputAbbreviatedPath" : "\/img\/bg\/bg22.jpg",
      "initialSize" : 4346,
      "fileType" : 4096
    },
    "\/jade\/partials\/header.jade" : {
      "ignoreWasSetByUser" : 0,
      "ignore" : 0,
      "hidden" : 0,
      "outputPathIsSetByUser" : 0,
      "inputAbbreviatedPath" : "\/jade\/partials\/header.jade",
      "outputStyle" : 0,
      "compileDebug" : 1,
      "outputAbbreviatedPath" : "\/jade\/header.html",
      "fileType" : 512
    },
    "\/img\/bg-dark\/bg-dark10.jpg" : {
      "ignoreWasSetByUser" : 0,
      "ignore" : 0,
      "hidden" : 0,
      "outputPathIsSetByUser" : 0,
      "inputAbbreviatedPath" : "\/img\/bg-dark\/bg-dark10.jpg",
      "processed" : 0,
      "outputAbbreviatedPath" : "\/img\/bg-dark\/bg-dark10.jpg",
      "initialSize" : 2655,
      "fileType" : 4096
    },
    "\/img\/bg\/bg4.jpg" : {
      "ignoreWasSetByUser" : 0,
      "ignore" : 0,
      "hidden" : 0,
      "outputPathIsSetByUser" : 0,
      "inputAbbreviatedPath" : "\/img\/bg\/bg4.jpg",
      "processed" : 0,
      "outputAbbreviatedPath" : "\/img\/bg\/bg4.jpg",
      "initialSize" : 3872,
      "fileType" : 4096
    },
    "\/img\/bg-dark\/bg-dark9.jpg" : {
      "ignoreWasSetByUser" : 0,
      "ignore" : 0,
      "hidden" : 0,
      "outputPathIsSetByUser" : 0,
      "inputAbbreviatedPath" : "\/img\/bg-dark\/bg-dark9.jpg",
      "processed" : 0,
      "outputAbbreviatedPath" : "\/img\/bg-dark\/bg-dark9.jpg",
      "initialSize" : 6252,
      "fileType" : 4096
    },
    "\/img\/divider-shadow.png" : {
      "ignoreWasSetByUser" : 0,
      "ignore" : 0,
      "hidden" : 0,
      "outputPathIsSetByUser" : 0,
      "inputAbbreviatedPath" : "\/img\/divider-shadow.png",
      "processed" : 0,
      "outputAbbreviatedPath" : "\/img\/divider-shadow.png",
      "initialSize" : 1533,
      "fileType" : 8192
    },
    "\/img\/bg-dark\/bg-dark11.jpg" : {
      "ignoreWasSetByUser" : 0,
      "ignore" : 0,
      "hidden" : 0,
      "outputPathIsSetByUser" : 0,
      "inputAbbreviatedPath" : "\/img\/bg-dark\/bg-dark11.jpg",
      "processed" : 0,
      "outputAbbreviatedPath" : "\/img\/bg-dark\/bg-dark11.jpg",
      "initialSize" : 4852,
      "fileType" : 4096
    },
    "\/img\/divider.png" : {
      "ignoreWasSetByUser" : 0,
      "ignore" : 0,
      "hidden" : 0,
      "outputPathIsSetByUser" : 0,
      "inputAbbreviatedPath" : "\/img\/divider.png",
      "processed" : 0,
      "outputAbbreviatedPath" : "\/img\/divider.png",
      "initialSize" : 146,
      "fileType" : 8192
    },
    "\/img\/bg\/bg3.jpg" : {
      "ignoreWasSetByUser" : 0,
      "ignore" : 0,
      "hidden" : 0,
      "outputPathIsSetByUser" : 0,
      "inputAbbreviatedPath" : "\/img\/bg\/bg3.jpg",
      "processed" : 0,
      "outputAbbreviatedPath" : "\/img\/bg\/bg3.jpg",
      "initialSize" : 2320,
      "fileType" : 4096
    },
    "\/img\/bg-dark\/bg-dark12.jpg" : {
      "ignoreWasSetByUser" : 0,
      "ignore" : 0,
      "hidden" : 0,
      "outputPathIsSetByUser" : 0,
      "inputAbbreviatedPath" : "\/img\/bg-dark\/bg-dark12.jpg",
      "processed" : 0,
      "outputAbbreviatedPath" : "\/img\/bg-dark\/bg-dark12.jpg",
      "initialSize" : 3582,
      "fileType" : 4096
    },
    "\/img\/bg\/bg17.jpg" : {
      "ignoreWasSetByUser" : 0,
      "ignore" : 0,
      "hidden" : 0,
      "outputPathIsSetByUser" : 0,
      "inputAbbreviatedPath" : "\/img\/bg\/bg17.jpg",
      "processed" : 0,
      "outputAbbreviatedPath" : "\/img\/bg\/bg17.jpg",
      "initialSize" : 2972,
      "fileType" : 4096
    },
    "\/img\/bg\/bg24.jpg" : {
      "ignoreWasSetByUser" : 0,
      "ignore" : 0,
      "hidden" : 0,
      "outputPathIsSetByUser" : 0,
      "inputAbbreviatedPath" : "\/img\/bg\/bg24.jpg",
      "processed" : 0,
      "outputAbbreviatedPath" : "\/img\/bg\/bg24.jpg",
      "initialSize" : 2636,
      "fileType" : 4096
    },
    "\/img\/bg\/bg31.jpg" : {
      "ignoreWasSetByUser" : 0,
      "ignore" : 0,
      "hidden" : 0,
      "outputPathIsSetByUser" : 0,
      "inputAbbreviatedPath" : "\/img\/bg\/bg31.jpg",
      "processed" : 0,
      "outputAbbreviatedPath" : "\/img\/bg\/bg31.jpg",
      "initialSize" : 4749,
      "fileType" : 4096
    },
    "\/img\/bg-pattern\/bg-pattern8.png" : {
      "ignoreWasSetByUser" : 0,
      "ignore" : 0,
      "hidden" : 0,
      "outputPathIsSetByUser" : 0,
      "inputAbbreviatedPath" : "\/img\/bg-pattern\/bg-pattern8.png",
      "processed" : 0,
      "outputAbbreviatedPath" : "\/img\/bg-pattern\/bg-pattern8.png",
      "initialSize" : 237,
      "fileType" : 8192
    },
    "\/img\/bg-dark\/bg-dark21.jpg" : {
      "ignoreWasSetByUser" : 0,
      "ignore" : 0,
      "hidden" : 0,
      "outputPathIsSetByUser" : 0,
      "inputAbbreviatedPath" : "\/img\/bg-dark\/bg-dark21.jpg",
      "processed" : 0,
      "outputAbbreviatedPath" : "\/img\/bg-dark\/bg-dark21.jpg",
      "initialSize" : 6916,
      "fileType" : 4096
    },
    "\/img\/bg-dark\/bg-dark13.jpg" : {
      "ignoreWasSetByUser" : 0,
      "ignore" : 0,
      "hidden" : 0,
      "outputPathIsSetByUser" : 0,
      "inputAbbreviatedPath" : "\/img\/bg-dark\/bg-dark13.jpg",
      "processed" : 0,
      "outputAbbreviatedPath" : "\/img\/bg-dark\/bg-dark13.jpg",
      "initialSize" : 2046,
      "fileType" : 4096
    },
    "\/css\/main.css" : {
      "ignoreWasSetByUser" : 0,
      "ignore" : 0,
      "hidden" : 0,
      "outputPathIsSetByUser" : 0,
      "inputAbbreviatedPath" : "\/css\/main.css",
      "outputAbbreviatedPath" : "No Output Path",
      "fileType" : 16
    },
    "\/img\/bg\/bg2.jpg" : {
      "ignoreWasSetByUser" : 0,
      "ignore" : 0,
      "hidden" : 0,
      "outputPathIsSetByUser" : 0,
      "inputAbbreviatedPath" : "\/img\/bg\/bg2.jpg",
      "processed" : 0,
      "outputAbbreviatedPath" : "\/img\/bg\/bg2.jpg",
      "initialSize" : 3470,
      "fileType" : 4096
    },
    "\/img\/bg-dark\/bg-dark8.jpg" : {
      "ignoreWasSetByUser" : 0,
      "ignore" : 0,
      "hidden" : 0,
      "outputPathIsSetByUser" : 0,
      "inputAbbreviatedPath" : "\/img\/bg-dark\/bg-dark8.jpg",
      "processed" : 0,
      "outputAbbreviatedPath" : "\/img\/bg-dark\/bg-dark8.jpg",
      "initialSize" : 3303,
      "fileType" : 4096
    },
    "\/img\/bg-pattern\/bg-pattern4.png" : {
      "ignoreWasSetByUser" : 0,
      "ignore" : 0,
      "hidden" : 0,
      "outputPathIsSetByUser" : 0,
      "inputAbbreviatedPath" : "\/img\/bg-pattern\/bg-pattern4.png",
      "processed" : 0,
      "outputAbbreviatedPath" : "\/img\/bg-pattern\/bg-pattern4.png",
      "initialSize" : 213,
      "fileType" : 8192
    },
    "\/img\/bg\/bg10.jpg" : {
      "ignoreWasSetByUser" : 0,
      "ignore" : 0,
      "hidden" : 0,
      "outputPathIsSetByUser" : 0,
      "inputAbbreviatedPath" : "\/img\/bg\/bg10.jpg",
      "processed" : 0,
      "outputAbbreviatedPath" : "\/img\/bg\/bg10.jpg",
      "initialSize" : 2187,
      "fileType" : 4096
    },
    "\/assets\/multipages.png" : {
      "ignoreWasSetByUser" : 0,
      "ignore" : 0,
      "hidden" : 0,
      "outputPathIsSetByUser" : 0,
      "inputAbbreviatedPath" : "\/assets\/multipages.png",
      "processed" : 0,
      "outputAbbreviatedPath" : "\/assets\/multipages.png",
      "initialSize" : 308890,
      "fileType" : 8192
    },
    "\/img\/bg-dark\/bg-dark14.jpg" : {
      "ignoreWasSetByUser" : 0,
      "ignore" : 0,
      "hidden" : 0,
      "outputPathIsSetByUser" : 0,
      "inputAbbreviatedPath" : "\/img\/bg-dark\/bg-dark14.jpg",
      "processed" : 0,
      "outputAbbreviatedPath" : "\/img\/bg-dark\/bg-dark14.jpg",
      "initialSize" : 4771,
      "fileType" : 4096
    }
  },
  "manualImportLinks" : [

  ],
  "projectSettings" : {
    "hamlNoEscapeInAttributes" : 0,
    "kitAutoOutputPathStyle" : 0,
    "lessOutputStyle" : 0,
    "hamlAutoOutputPathReplace2" : "",
    "draggedImportConcatenationStyle" : 1,
    "jadeAutoOutputPathStyle" : 2,
    "hamlEscapeHTMLCharacters" : 0,
    "javascriptAutoOutputPathStyle" : 0,
    "hamlOutputFormat" : 2,
    "stylusAutoOutputPathReplace1" : "stylus",
    "lessStrictImports" : 0,
    "sassAutoOutputPathStyle" : 2,
    "stylusAutoOutputPathReplace2" : "css",
    "lessAutoOutputPathStyle" : 2,
    "genericWebpageFileExtensionsString" : "html, htm, shtml, shtm, xhtml, php, jsp, asp, aspx, erb, ctp",
    "coffeeMinifyOutput" : 0,
    "javascriptOutputSuffix" : "-min",
    "jadeOutputStyle" : 0,
    "coffeeAutoOutputPathStyle" : 2,
    "autoSyncProjectSettingsFile" : 1,
    "lessAutoOutputPathReplace1" : "less",
    "jadeAutoOutputPathReplace1" : "",
    "lessAutoOutputPathRelativePath" : "..\/css",
    "hamlAutoOutputPathRelativePath" : "",
    "jsCheckerReservedNamesString" : "comment",
    "javascriptOutputStyle" : 0,
    "stylusDebugStyle" : 0,
    "hamlUseCDATA" : 0,
    "hamlAutoOutputPathStyle" : 0,
    "sassDebugStyle" : 0,
    "hamlOutputStyle" : 0,
    "stylusAutoOutputPathRelativePath" : "..\/css",
    "jsCheckerIndent" : 4,
    "kitAutoOutputPathRelativePath" : "",
    "lessAutoOutputPathReplace2" : "css",
    "jadeAutoOutputPathReplace2" : "",
    "shouldRunBless" : 0,
    "stylusAutoOutputPathStyle" : 2,
    "coffeeCheckOutputStyle" : 0,
    "slimOutputStyle" : 1,
    "javascriptSyntaxCheckerStyle" : 1,
    "sassAutoOutputPathReplace1" : "scss",
    "slimAutoOutputPathReplace1" : "",
    "sassOutputStyle" : 2,
    "coffeeAutoOutputPathRelativePath" : "..\/js",
    "slimCompileOnly" : 0,
    "slimLogicless" : 0,
    "uglifyIndent" : 4,
    "jadeAutoOutputPathRelativePath" : "..",
    "hamlUseUnixNewlines" : 0,
    "hamlAutoOutputPathReplace1" : "",
    "javascriptAutoOutputPathReplace1" : "",
    "stylusOutputStyle" : 0,
    "javascriptAutoOutputPathReplace2" : "",
    "sassAutoOutputPathRelativePath" : "..\/css",
    "coffeeAutoOutputPathReplace1" : "",
    "hamlUseDoubleQuotes" : 0,
    "coffeeAutoOutputPathReplace2" : "",
    "kitAutoOutputPathReplace1" : "",
    "uglifyReservedNamesString" : "",
    "coffeeOutputStyle" : 0,
    "slimAutoOutputPathRelativePath" : "",
    "jsHintFlags" : {
      "latedef" : 1,
      "newcap" : 1,
      "curly" : 1,
      "trailing" : 0,
      "nonew" : 1,
      "withstmt" : 0,
      "yui" : 0,
      "mootools" : 0,
      "proto" : 0,
      "boss" : 0,
      "funcscope" : 0,
      "regexdash" : 0,
      "jquery" : 1,
      "esnext" : 0,
      "camelcase" : 0,
      "es5" : 0,
      "dojo" : 0,
      "strict" : 0,
      "devel" : 0,
      "onecase" : 0,
      "wsh" : 0,
      "nonstandard" : 0,
      "asi" : 0,
      "smarttabs" : 1,
      "rhino" : 0,
      "noempty" : 0,
      "lastsemic" : 0,
      "eqnull" : 0,
      "eqeqeq" : 1,
      "couch" : 0,
      "evil" : 0,
      "expr" : 0,
      "immed" : 0,
      "globalstrict" : 0,
      "undef" : 1,
      "iterator" : 0,
      "prototypejs" : 0,
      "noarg" : 1,
      "supernew" : 0,
      "node" : 0,
      "unused" : 1,
      "debug" : 0,
      "bitwise" : 1,
      "white" : 0,
      "browser" : 1,
      "worker" : 0,
      "laxcomma" : 0,
      "multistr" : 0,
      "shadow" : 0,
      "sub" : 0,
      "regexp" : 1,
      "scripturl" : 0,
      "forin" : 0,
      "loopfunc" : 0,
      "laxbreak" : 0,
      "plusplus" : 0
    },
    "jsLintFlags" : {
      "white" : 0,
      "unparam" : 0,
      "regexp" : 0,
      "nomen" : 0,
      "vars" : 0,
      "sub" : 0,
      "stupid" : 0,
      "continue" : 0,
      "bitwise" : 0,
      "newcap" : 0,
      "sloppy" : 0,
      "closure" : 0,
      "es5" : 0,
      "browser" : 1,
      "properties" : 0,
      "plusplus" : 0,
      "debug" : 0,
      "forin" : 0,
      "eqeq" : 0,
      "evil" : 0,
      "node" : 0,
      "rhino" : 0,
      "devel" : 0,
      "ass" : 0
    },
    "uglifyFlags" : {
      "no-mangle-functions" : 0,
      "no-mangle" : 0,
      "no-copyright" : 0,
      "no-dead-code" : 0,
      "inline-script" : 0,
      "ascii" : 0,
      "unsafe" : 0,
      "mangle-toplevel" : 0,
      "no-seqs" : 1,
      "beautify" : 0,
      "lift-vars" : 0,
      "consolidate-primitive-values" : 0,
      "no-squeeze" : 0
    },
    "sassAutoOutputPathReplace2" : "css",
    "slimAutoOutputPathReplace2" : "",
    "jadeCompileDebug" : 1,
    "slimRailsCompatible" : 0,
    "kitAutoOutputPathReplace2" : "",
    "lessDebugStyle" : 0,
    "javascriptAutoOutputPathRelativePath" : "",
    "slimAutoOutputPathStyle" : 0
  },
  "projectAttributes" : {
    "bourbonEnabled" : 0,
    "displayValue" : "landing",
    "displayValueWasSetByUser" : 0,
    "compassEnabled" : 0
  }
}